experement,ARPD100,ARPD50,ATK100,ATK50
VND01,4.569273546528856,3.5507614653588937,148.64054381847382,148.64054381847382
VND02,4.551967456164278,3.5263965087054068,148.34623763561248,148.34623763561248
